State,Rows (after merge),Districts Covered,Districts Total,Coverage %
Andaman and Nicobar Islands,1,1,3,33.3
Andhra Pradesh,26,4,13,30.8
Arunachal Pradesh,46,11,25,44
Assam,20,20,33,60.6
Bihar,95,38,38,100
Chandigarh,1,1,1,100
Chhattisgarh,64,13,27,48.1
Dadra and Nagar Haveli and Daman and Diu,1,1,3,33.3
Delhi,1,1,11,9.1
Goa,2,1,2,50
Gujarat,109,13,34,38.2
Haryana,23,17,22,77.3
Himachal Pradesh,9,9,12,75
Jammu and Kashmir,24,12,22,54.5
Jharkhand,63,10,24,41.7
Karnataka,59,11,30,36.7
Kerala,128,10,14,71.4
Ladakh,6,1,2,50
Lakshadweep,10,1,1,100
Madhya Pradesh,71,19,52,36.5
Maharashtra,213,23,35,65.7
Manipur,15,7,16,43.8
Meghalaya,5,4,11,36.4
Mizoram,17,5,10,50
Nagaland,15,11,11,100
Odisha,74,20,30,66.7
Puducherry,2,2,4,50
Punjab,31,10,22,45.5
Rajasthan,6,6,33,18.2
Sikkim,1,1,6,16.7
Tamil Nadu,11,7,37,18.9
Telangana,36,7,33,21.2
Tripura,20,7,8,87.5
Uttar Pradesh,50,21,75,28
Uttarakhand,5,2,13,15.4
West Bengal,28,13,23,56.5
